{
  "farPlane": 1440.4136117154958,
  "targetPosition": [3.797056198120117, 16.55848503112793, 2.606588363647461],
  "nearPlane": 35.48755041887675,
  "upVector": [-0.895873, 0.103424, 0.432105],
  "eyePosition": [-20.9551143646240234, -50.91867446899414, 200.37052783669185]
}
